,gdp,inflation,call rate
2016.3Q,0.205897883,-0.356025,-0.046
2016.4Q,0.434421933,0.422739,-0.043333333
2017.1Q,0.29318845,1.041341,-0.041666667
2017.2Q,0.624995944,0.37447,-0.054333333
2017.3Q,0.549104603,0.762674,-0.053666667
2017.4Q,0.112510636,1.279164,-0.042333333
